"mod","res"
"prefprey",467.116227544994
"human",468.887258581474
"prey+hum",443.020807852475
"prey*canopy",466.718240512114
"human*canopy",445.926642713734
"prey*canopy-human*canopy",446.970286669078
"prey-human*canopy",443.841916689414
